1,14,3,-8216,-8032
2,20,2,1025,3543
3,20,2,3232,5965
4,14,2,14855,469
5,7,2,6628,1417
6,8,4,3776,10962
7,18,2,-536,-307
8,14,2,4612,1615
9,16,2,-13112,-893
10,8,2,4787,1776
11,7,3,4854,-457
12,18,3,37935,7976
13,19,2,-13785,-12786
14,6,2,15985,11437
15,14,2,4791,245
16,5,4,35977,-16581
17,13,3,21246,6162
18,14,2,2339,6675
19,28,2,23432,10848
20,4,3,4880,1206
21,12,2,60775,10989
22,15,3,-7937,-6764
23,16,4,27365,-5636
24,5,3,-17942,-7458
25,12,2,-770,30004
26,21,3,11921,2683
27,12,2,14254,297
28,20,4,11182,10377
29,7,3,-33008,-3975
30,4,2,4893,-453
31,13,3,24370,-6248
32,15,3,10246,351
33,17,3,-23983,-1794
34,9,3,-6694,-894
35,5,4,8970,-23191
36,13,3,37239,-1592
37,4,2,-4078,-7375
38,15,3,-22319,-1499
39,5,2,13244,2304
40,14,2,-21943,-1891
41,15,2,-28082,-8806
42,21,3,9825,7938
43,2,2,-39658,-14222
44,14,2,9569,-316
45,15,3,25840,13174
46,8,2,1536,1809
47,10,3,8268,1194
48,19,3,-18733,-6103
49,5,2,7331,3668
50,14,2,-8848,-5112
51,9,2,-23494,-5695
52,19,2,-25123,8169
53,19,2,-26621,-6025
54,7,3,-30196,-2434
55,21,3,-34931,-7679
56,12,2,18134,10076
57,22,2,-9417,-6656
58,9,2,-23375,-1180
59,17,4,-1440,-4356
60,27,2,-24063,-1938
61,5,2,4427,1655
62,15,2,9321,10921
63,6,2,-12124,-639
64,10,2,12494,2015
65,14,2,3375,45
66,26,2,-10355,-2477
67,27,2,23051,10816
68,2,2,-8061,5532
69,6,2,28974,7494
70,14,2,-21842,9353
71,16,2,4369,-1134
72,5,2,5112,3679
73,16,2,-8580,-5301
74,6,2,-16843,-14501
75,18,2,-3510,-7193
76,5,3,-14670,-7880
77,8,2,20489,5878
78,9,3,37935,7976
79,5,3,19486,10321
80,16,2,3069,3868
81,13,2,16039,-3544
82,15,3,-4564,-4189
83,17,3,22778,11885
84,7,2,785,469
85,13,3,30419,-6236
86,5,3,-33424,-4964
87,18,2,1954,1611
88,21,3,793,5265
89,8,2,12557,8580
90,10,2,-25191,-4741
91,13,3,-43509,-11677
92,15,2,10615,5587
93,18,2,13582,8988
94,6,3,9980,-2406
95,25,3,4815,34959
96,15,2,-34924,-7864
97,17,2,-12774,-7852
98,13,2,6666,4605
99,17,2,-8626,2209
100,17,2,10861,5596
101,21,2,-1970,-1140
102,28,2,748,718
103,13,3,17833,-13414
104,11,2,6755,3201
105,3,3,7679,-5525
106,12,2,9787,-7432
107,16,3,3344,-3150
108,4,2,-5616,-5756
109,20,2,10884,5595
110,14,2,3194,3249
111,20,3,18818,-286
112,21,2,-16626,-3664
113,14,4,3219,-7367
114,18,3,5468,1701
115,17,2,7053,1229
116,15,3,29207,7579
117,4,2,33236,7935
118,10,2,27565,-5271
119,15,3,-30143,-6195
120,10,4,17391,-13112
121,2,2,-4622,11564
122,9,2,11335,9187
123,13,3,-34687,-7026
124,17,2,-18340,-7453
125,10,2,-24871,8201
126,14,3,21611,-6668
127,5,2,10699,8661
128,7,3,37814,8157
129,14,2,26542,-5468
130,7,3,-27344,-804
131,13,3,-1376,-5630
132,19,2,16358,9905
133,13,2,-31437,-7495
134,11,3,-24002,-1974
135,23,2,17030,-5025
136,22,2,-446,-21
137,12,2,-2862,1519
138,20,3,7810,2297
139,12,4,3001,1680
140,24,2,-56032,-10405
141,4,2,-11142,382
142,18,2,19943,5871
143,5,4,-24131,-4010
144,5,2,15837,-16238
145,4,2,-20021,-5676
146,15,2,34601,2795
147,15,2,62242,11138
148,14,2,-35447,-7946
149,17,4,34808,-6288
150,24,2,-2219,4641
151,23,2,7264,-24038
152,12,3,5170,3736
153,18,3,-2066,-111
154,17,2,-31437,-7495
155,12,2,4282,-4320
156,28,2,6343,1450
157,14,2,-17418,-6059
158,12,2,14016,37
159,15,3,12472,7160
160,18,2,15334,3272
161,16,2,-10474,-11907
162,20,2,25471,1931
163,23,2,5228,248
164,22,2,13364,-1700
165,26,2,21246,6162
166,16,2,-5688,3091
167,23,3,-11351,-2233
168,19,3,-18733,-6103
169,2,2,12584,1006
170,7,3,4974,3720
171,13,3,14926,8329
172,15,2,10668,8066
173,13,3,-22052,-4478
174,15,2,-10188,-506
175,8,2,15609,11282
176,5,3,-20474,4411
177,4,2,4035,1533
178,7,2,-29560,-1963
179,17,3,-535,-7318
180,13,3,-31850,-5058
181,12,2,9393,-14575
182,8,3,21389,1128
183,23,2,-16547,1907
184,22,3,-9642,-3510
185,21,3,-28567,-3757
186,12,3,-33074,10660
187,3,3,-22595,-704
188,15,2,-12862,-4502
189,16,4,-8162,-13
190,16,2,38816,7811
191,14,4,-5052,-8549
192,12,4,-25648,-5998
193,12,2,-30037,-6770
194,3,3,15115,-12121
195,14,2,-15468,-4665
196,23,2,9155,3681
197,14,2,-16633,-2039
198,18,3,15286,-437
199,11,3,-13191,1582
200,14,3,3689,3633
201,15,2,12310,-1202
202,3,2,-8786,-4462
203,5,3,11514,-3942
204,23,3,-1382,444
205,20,3,19877,11957
206,16,3,-4509,-4187
207,8,4,17107,8275
208,22,4,14111,-11941
209,7,3,-23209,-1054
210,9,3,-18492,3941
211,15,3,33806,2618
212,10,2,-5715,-10043
213,19,2,29389,8003
214,12,3,38942,5978
215,6,2,-8387,51
216,14,2,22112,-5861
217,4,2,-12309,-3294
218,15,3,-4990,-9284
219,13,2,3069,3868
220,19,3,-19243,-7413
221,5,2,336,-6355
222,9,2,-613,1038
223,18,2,8467,5026
224,19,2,15281,8307
225,23,2,17993,4654
226,17,4,-63387,-9177
227,15,2,-35036,-5056
228,13,2,22275,-4184
229,20,2,-5205,-9264
230,9,4,-7039,-7182
231,5,3,13344,-150
232,12,2,33658,7933
233,15,3,-23394,-1196
234,16,2,1542,-6197
235,2,2,434,4675
236,17,2,7163,-7361
237,21,2,7090,2031
238,20,2,-20693,11098
239,4,2,11796,-3521
240,6,2,6267,315
241,9,2,16709,3482
242,7,2,9884,8665
243,12,2,8347,2268
244,14,2,10623,7937
245,5,2,-22711,-1231
246,8,2,1282,5444
247,25,2,-23930,-1323
248,20,4,4941,2283
249,14,2,4597,-3962
250,6,2,5398,1758
251,5,3,-6120,9252
252,20,2,15044,8334
253,20,2,5645,3584
254,16,2,-8387,51
255,3,2,-5501,-1835
256,5,3,2661,5799
257,16,2,-27341,3991
258,15,2,12566,2773
259,8,2,-25206,-1985
260,20,2,11182,712
261,19,2,15886,67
262,16,2,-17212,-9358
263,19,3,10764,-875
264,24,2,9474,5563
265,4,4,20417,-6510
266,2,2,2613,3178
267,28,2,-21943,-4535
268,4,2,8537,2358
269,13,3,-5110,681
270,17,3,6632,-4560
271,2,2,-26413,-5353
272,22,2,11823,8685
273,15,3,23873,4401
274,16,2,-30791,9592
275,12,2,7820,1236
276,4,2,-12310,-7759
277,20,2,8268,1194
278,10,2,-12309,-7802
279,27,2,10646,8312
280,26,2,6044,2218
281,21,2,-22560,-1793
282,20,4,-31272,-9174
283,19,2,11551,-2499
284,17,3,22778,11885
285,15,4,-29139,4561
286,3,3,1232,2027
287,15,2,-34267,-6230
288,15,3,-40652,-10396
289,3,2,12671,-4861
290,6,2,8917,2899
291,27,2,69128,-4159
292,18,2,12943,8535
293,13,2,-34764,-5293
294,12,2,16212,4233
295,2,2,2937,-372
296,18,4,-30570,-9135
297,14,2,-19774,-6297
298,4,3,28480,3518
299,15,3,34624,15579
300,14,3,2329,432
301,25,2,557,-87
302,18,2,21630,6620
303,18,2,6774,161
304,8,2,14537,2184
305,5,3,-12463,-10666
306,15,3,17963,-14978
307,13,2,-20765,-13727
308,10,2,-131422,-26025
309,20,2,9335,245
310,7,3,10258,11001
311,4,3,-7861,-4638
312,7,2,11711,8679
313,16,2,176,1301
314,15,3,-4610,965
315,5,3,-14656,-2167
316,15,2,8321,1136
317,18,2,-6909,-1356
318,14,3,9039,2135
319,11,2,6734,6619
320,14,2,-16166,-6800
321,18,2,-14590,991
322,15,3,-14705,-13848
323,14,2,-15507,-5425
324,18,2,23797,-6425
325,4,2,16403,10114
326,12,2,-13264,-1356
327,21,3,11837,6815
328,19,2,-26900,-2608
329,19,2,-9806,491
330,9,4,-24007,-828
331,19,3,11676,-2905
332,20,2,34945,-6272
333,10,2,-32185,-6633
334,6,2,30927,7363
335,14,2,15011,-6896
336,17,2,9637,-3970
337,17,2,-12962,-1914
338,19,2,-14245,-3876
339,12,3,10274,379
340,17,3,21690,-12765
341,16,2,-7384,-152
342,14,3,1232,2027
343,4,2,15548,11312
344,15,2,-42566,-10257
345,17,3,10394,-14733
346,7,3,-12827,-2056
347,18,2,748,718
348,13,2,21246,6162
349,13,2,-12936,-3150
350,14,2,-14320,-6951
351,23,2,28508,3512
352,5,3,-13575,2951
353,14,4,8563,8015
354,16,3,6431,4571
355,12,3,21250,6163
356,6,2,21798,6255
357,12,3,2325,1724
358,12,3,14473,-456
359,18,2,-14835,9400
360,8,3,8050,2741
361,4,2,6319,5416
362,27,2,3901,-25398
363,10,4,25098,3000
364,16,2,14942,10362
365,13,3,16186,3584
366,15,3,2841,-5112
367,10,2,-27917,-3650
368,8,2,-23551,9373
369,14,3,19603,15078
370,5,3,7331,3668
371,16,2,-9854,-12632
372,20,2,6284,1411
373,10,2,14231,-11782
374,4,3,-537,-7093
375,3,3,-30185,-2406
376,15,2,5049,-4566
377,4,4,-18065,-12827
378,20,2,12983,7558
379,14,3,-25569,-5562
380,22,2,-11268,-1472
381,4,3,304,-4021
382,13,3,12173,-3025
383,12,2,-4833,-5709
384,8,3,8035,2739
385,15,3,27404,13619
386,15,2,7378,1773
387,21,2,-5688,3091
388,20,2,-13215,1830
389,9,2,4369,-1134
390,2,2,-13794,-13862
391,14,2,19933,10802
392,12,2,-12360,-7099
393,19,2,6060,2685
394,18,2,13215,3473
395,16,4,10332,-6510
396,9,2,-35462,-7945
397,26,2,-35273,-7710
398,18,3,20036,10875
399,9,4,-23143,10001
400,9,2,10864,7433
401,11,2,-5068,762
402,15,2,-24372,-4267
403,24,2,29389,8003
404,12,2,-5552,-266
405,6,2,-3128,-1059
406,17,3,6125,739
407,19,2,6554,337
408,20,2,-16729,722
409,14,2,10443,-22358
410,11,3,10252,-6470
411,17,3,6564,541
412,2,2,-14218,757
413,13,2,-17571,-8093
414,24,2,-23171,4612
415,15,3,-34526,-609
416,19,2,-30903,-4421
417,18,2,-34265,-1468
418,5,3,-6834,-8789
419,18,2,-54630,18900
420,19,2,-25702,-4210
421,16,2,3490,-5013
422,6,2,11569,6327
423,12,2,-12945,545
424,15,3,-34526,-609
425,13,2,-1034,355
426,15,2,13945,2376
427,6,2,-41713,-7376
428,20,4,4846,3729
429,14,2,-21203,-4776
430,14,3,-32075,-5395
431,7,2,11094,7719
432,19,3,1495,3111
433,7,2,-13829,-6834
434,11,2,-8107,-4574
435,12,4,18146,12901
436,8,2,-8774,-4327
437,16,2,1633,1715
438,15,3,25468,2834
439,4,2,1630,1206
440,17,3,-37461,-8287
441,3,2,8664,2539
442,24,2,16566,12464
443,15,3,-31890,-8420
444,19,3,-692,5365
445,14,2,18638,-243
446,2,2,6678,-24643
447,3,2,-27961,-3633
448,21,2,30964,6686
449,22,2,16029,11480
450,11,2,11063,90
451,22,2,2094,1734
452,20,2,35659,-5590
453,18,2,10319,-3415
454,9,4,-50064,-13431
455,19,2,-18327,-9477
456,14,4,50237,-5482
457,20,2,-26575,4305
458,2,2,2064,-5255
459,4,2,-36771,10978
460,4,2,-36771,10978
461,11,2,11562,7287
462,9,2,10376,127
463,4,3,26168,12650
464,5,2,-9678,-5249
465,18,2,10476,3387
466,15,3,10173,-2338
467,7,2,-18302,-16810
468,18,2,-4656,3092
469,16,2,1772,-4322
470,27,2,-18456,-4687
471,27,3,4194,2860
472,5,4,-40743,-1044
473,6,3,-10405,-11580
474,22,2,-38671,-14445
475,14,3,19764,9313
476,19,2,-5142,708
477,15,3,-18227,11906
478,14,2,7473,2347
479,12,2,-11728,-3649
480,20,2,-1780,-44
481,12,2,6747,3181
482,20,2,-9401,-7955
483,16,2,-15238,-5616
484,2,2,-5344,-3822
485,3,2,8904,3484
486,13,3,-803,5434
487,16,2,34798,-6291
488,12,2,18224,806
489,13,3,-11776,-5899
490,4,2,15342,-4031
491,5,2,2410,-10579
492,13,3,-17996,-6523
493,11,2,-37438,-6146
494,14,2,23553,-13962
495,19,2,35171,-5928
496,18,2,16169,-5603
497,26,2,-11268,-1472
498,6,2,5074,-310
499,15,3,16661,-5613
500,15,4,7463,2344
501,14,2,2101,-5228
502,3,3,-14525,-3755
503,13,3,-6428,399
504,13,2,5475,3239
505,18,2,6666,4605
506,13,2,-24127,-1763
507,8,4,6530,3380
508,4,2,7102,4403
509,9,2,633,-5807
510,6,3,19147,-14769
511,13,2,11200,-497
512,4,4,29518,14132
513,11,4,-41363,-10221
514,13,3,17293,11767
515,9,4,34808,-6288
516,22,2,3401,-1549
517,24,4,-13939,539
518,26,2,1470,2176
519,25,2,43738,-6769
520,19,2,32539,7518
521,17,4,4962,2288
522,14,2,-24982,-2083
523,9,2,-6990,592
524,13,2,6429,-7902
525,14,2,-30019,-2283
526,14,2,10206,900
527,16,3,-8037,-11294
528,15,3,-14148,-7329
529,26,2,-7371,-5614
530,6,2,-21727,9481
531,8,4,-9858,-304
532,23,3,24394,12875
533,13,2,3401,-1549
534,9,2,-11032,1213
535,6,2,-37118,-7481
536,12,2,20124,5909
537,4,4,16218,647
538,9,2,-26365,-2209
539,10,2,-14200,-1411
540,3,3,-2037,-9862
541,19,2,18071,10077
542,9,2,-7837,2210
543,22,2,-38978,-4699
544,5,3,-22313,-5119
545,4,3,4880,1206
546,14,2,2613,3178
547,4,2,-11346,1150
548,24,2,-10305,-11546
549,19,2,6327,1410
550,20,2,3413,-1052
551,10,2,3428,2803
552,18,2,3195,3699
553,19,2,-34094,-5436
554,19,2,-34731,-7685
555,14,4,-15815,-8288
556,4,3,-4198,-6241
557,15,2,12421,-2963
558,10,2,-1389,-1295
559,13,2,8447,1808
560,12,2,16377,-3437
561,14,2,7463,2347
562,15,3,21055,10964
563,14,2,32521,14005
564,12,2,-17999,12023
565,7,3,-2403,3140
566,21,2,38686,-5789
567,14,2,10693,607
568,19,2,-7,591
569,19,2,-1956,35
570,10,2,-36466,-5842
571,5,4,-36961,-6151
572,13,2,3901,-25398
573,8,2,2431,-5068
574,17,3,35347,3138
575,9,2,-12985,-1573
576,16,2,-49419,11641
577,24,2,35341,-5859
578,11,2,2921,-3502
579,13,3,16186,3584
580,13,3,-2418,-7472
581,2,2,43738,-6769
582,11,2,-31368,-7407
583,14,3,-446,-21
584,4,2,-2319,-541
585,23,3,-3881,-5541
586,19,2,-1169,-11317
587,10,2,-43534,-11679
588,15,3,1676,810
589,18,3,30319,14032
590,14,2,18576,6282
591,17,2,-54961,-11335
592,6,4,8478,-8121
593,20,2,-21654,-5389
594,14,4,-13635,-11332
595,4,2,4229,-363
596,19,2,-1914,1324
597,12,2,-37875,-2684
598,5,3,-17942,-7458
599,15,3,-5364,-5057
600,10,2,12577,8501
601,11,2,10251,-3509
602,5,2,-22431,4842
603,16,4,14491,13121
604,13,3,-4370,4069
605,12,2,60775,10989
606,11,2,22091,6487
607,16,3,-729,428
608,18,4,-35385,1718
609,5,3,15004,3829
610,16,2,-10474,-11907
611,18,2,8394,1536
612,21,4,-21386,-5396
613,13,2,12916,-937
614,21,3,-32719,-6634
615,5,3,21667,-6159
616,6,3,2457,-3390
617,14,3,718,-6404
618,2,2,-5635,1971
619,12,2,5797,771
620,3,3,19566,-3537
621,5,2,28480,3518
622,19,4,-67500,-12501
623,15,3,-19754,-14145
624,4,2,-5616,-5756
625,6,2,-13794,-13862
626,5,3,1775,-6318
627,15,2,15551,8780
628,8,2,1134,-5411
629,14,3,28393,3234
630,25,3,21246,6162
631,9,2,-6990,592
632,19,2,-131,956
633,19,3,-38791,-4659
634,9,2,6492,1413
635,9,2,9128,4187
636,18,2,-84,-5620
637,26,2,-12210,-1694
638,4,3,-2683,-7734
639,20,2,-1754,-26
640,18,3,-63864,-11985
641,10,2,-14836,764
642,23,3,16505,3831
643,10,2,18425,8583
644,13,2,16770,3508
645,13,2,39278,7818
646,18,2,-14897,-3879
647,17,2,9907,-1797
648,14,2,-1288,4781
649,11,2,-32354,-3980
650,24,2,85,-5392
651,21,3,-16190,-7940
652,23,3,16336,-3486
653,13,2,3370,13
654,4,3,15647,460
655,17,3,37239,-1592
656,19,2,-12506,1289
657,13,3,-2366,4467
658,9,2,-64392,-12171
659,4,2,-70025,7843
660,9,3,461,-445
661,5,3,-10719,-9427
662,16,2,9868,2706
663,17,2,10777,-1533
664,11,3,-12730,-5507
665,19,3,-17421,-1938
666,18,3,-3824,2081
667,15,2,13405,-12044
668,14,4,20908,-6127
669,14,3,24271,11720
670,15,2,8863,820
671,18,2,11411,-13154
672,12,2,-34919,-6744
673,17,4,10884,5595
674,17,2,7155,3372
675,20,4,-38200,-2813
676,5,4,-9330,-6057
677,14,2,-13407,529
678,17,4,12139,12181
679,19,2,19769,-13404
680,18,2,-1854,4590
681,16,2,-16321,-7207
682,14,2,9659,1608
683,16,2,24892,11889
684,22,4,7519,-6233
685,17,2,-21121,-681
686,19,2,-28797,-5668
687,10,2,11068,9102
688,8,4,12244,5977
689,18,2,-29508,-8215
690,18,2,3843,-4786
691,16,3,14926,8329
692,13,2,-12542,7093
693,4,2,-4133,-8076
694,19,2,17425,3593
695,11,2,-5712,-762
696,16,3,22693,11671
697,16,2,12171,10069
698,19,2,-18133,-4045
699,11,2,-13186,337
700,14,2,1035,1850
701,18,4,-4755,1933
702,12,4,25098,3000
703,14,2,296,4707
704,11,2,7375,1152
705,4,4,23653,12169
706,24,2,3024,3849
707,10,2,2143,-4837
708,22,2,3367,-1250
709,8,2,5814,3588
710,10,4,16566,12464
711,16,2,1511,836
712,4,2,3024,3849
713,13,3,16432,3775
714,10,2,-32833,-6071
715,3,2,-42757,-12058
716,19,2,-9720,-11213
717,10,3,11517,-1310
718,4,3,-7861,-4638
719,4,2,2399,6691
720,15,2,13113,-114
721,12,4,45478,-6086
722,20,2,-22182,-5257
723,2,2,17956,-1135
724,11,2,-61041,-17157
725,12,2,-5545,-9762
726,13,2,21360,11546
727,13,2,19076,3534
728,7,3,12528,4163
729,15,2,10277,2074
730,18,3,-4005,-993
731,15,3,12882,-2899
732,3,2,75,-741
733,10,2,-8051,-3600
734,24,2,29389,8003
735,18,2,-16433,6018
736,14,3,-4984,-367
737,14,2,-25955,-12851
738,4,4,-20757,-7784
739,10,2,24091,-19087
740,22,2,4888,-5869
741,8,2,8532,3193
742,16,2,-8477,-473
743,20,2,9155,3681
744,4,3,37239,-1592
745,23,3,33061,3293
746,13,2,34798,-6291
747,16,2,-63167,-9244
748,14,3,23637,-684
749,19,2,12102,8945
750,11,4,23673,11032
751,14,2,-13522,-1518
752,5,2,-6162,-4231
753,15,3,2904,-1514
754,5,3,-8997,-6605
755,24,4,819,730
756,12,2,9501,4444
757,11,2,-9955,-5079
758,10,2,-7339,-6509
759,14,2,16947,8480
760,13,3,-15101,530
761,8,2,29787,530
762,15,3,29775,-6303
763,5,3,-23565,3862
764,18,2,-33336,9925
765,5,3,3911,3317
766,9,2,8837,-3875
767,21,2,13215,3473
768,13,2,12440,963
769,16,2,18266,10210
770,6,2,-30339,-7280
771,15,2,11574,-3172
772,20,3,-2325,-10189
773,16,3,29291,7943
774,19,3,-18733,-6103
775,9,2,-18849,-14802
776,6,2,6226,4166
777,8,2,33594,2792
778,16,2,-25174,-2115
779,14,2,11843,193
780,16,2,-535,-7318
781,12,3,9364,-820
782,4,3,-7861,-4638
783,19,3,-2237,-10345
784,19,2,1249,3067
785,19,2,-24493,-2712
786,14,2,9437,-2353
787,6,2,1608,-4092
788,12,3,12418,-3240
789,21,2,11748,-175
790,1,2,-33884,-4996
791,16,2,-35561,-7709
792,3,2,1160,-884
793,2,2,-2110,-3475
794,0,3,851,1781
795,18,2,3134,-5286
796,1,3,-33327,-335
797,10,3,-56032,-10405
798,10,2,9726,3051
799,4,2,-40301,-4970
800,19,2,4038,-2692
801,13,2,1809,508
802,9,3,20411,-6528
803,14,3,11745,1496
804,10,4,12692,1726
805,14,2,-19804,-4186
806,13,2,-40593,-9715
807,12,3,15509,9505
808,6,2,-16808,655
809,17,2,-11042,-1706
810,18,3,-32598,-5641
811,10,4,-8550,-7703
812,5,2,2521,1583
813,11,2,-10107,-361
814,12,2,-14870,-3349
815,16,2,4955,35508
816,16,2,8165,749
817,15,2,8135,2880
818,4,2,19293,-3575
819,13,4,11250,67
820,9,2,4795,2930
821,6,2,7287,3516
822,13,3,8947,-913
823,2,2,27946,2531
824,22,2,3024,3849
825,8,2,-30584,-5675
826,15,3,-10235,511
827,9,2,9559,-2747
828,1,2,-13685,-8311
829,12,3,-7024,-7344
830,8,2,-24583,-2385
831,0,2,15417,3752
832,4,2,9658,3347
833,13,2,-16717,-13233
834,16,2,14561,11062
835,17,2,9523,1443
836,2,2,8268,1194
837,2,3,16359,-2218
838,13,2,26406,12856
839,10,2,-29164,-2485
840,6,4,7713,1175
841,19,2,-6882,147
842,1,2,15341,451
843,0,2,25229,2859
844,0,3,8400,-4460
845,15,3,-30404,-2364
846,1,2,25878,13575
847,17,2,-25844,8554
848,17,2,9864,2712
849,18,2,-38869,-1687
850,6,2,5813,3588
851,16,3,-10806,1360
852,17,2,-11637,1122
853,1,3,-12432,1325
854,2,4,992,-7955
855,3,2,-20518,-6606
856,2,2,-37084,10257
857,8,2,17419,-16387
858,14,3,-1388,-1293
859,2,3,-10433,-4681
860,6,3,8651,1910
861,14,3,-24906,-4122
862,18,2,32551,7524
863,16,2,-28052,5362
864,1,3,4447,3151
865,1,3,-26635,-5504
866,12,3,37985,8174
867,4,2,17411,10159
868,18,2,-17829,-13083
869,14,2,34005,-2212
870,15,3,-55243,19365
871,9,4,5688,404
872,14,2,-33365,-6392
873,15,2,1743,740
874,12,3,-16934,150
875,6,2,5283,593
876,17,2,25146,6179
877,19,2,11791,3108
878,24,2,797,-5964
879,6,2,25700,15959
880,14,2,29078,7860
881,4,3,-28068,-6873
882,20,2,-48686,-11015
883,13,2,2937,-372
884,0,2,-9941,4285
885,17,2,-1728,-5696
886,15,2,5458,777
887,14,2,-11161,-1390
888,17,2,33217,2599
889,4,3,29775,-6303
890,0,2,-21298,-10351
891,4,2,15809,3762
892,10,3,8719,3345
893,16,3,9157,3682
894,4,2,3134,-5286
895,12,3,-29508,-8215
896,13,3,3956,35101
897,7,3,-21915,-5056
898,2,3,-22602,-5330
899,8,3,31595,3424
900,8,2,-11681,-1779
901,14,2,-16326,664
902,10,4,-27813,-8510
903,2,2,-10827,14041
904,24,2,-1388,-1293
905,14,3,-2383,3157
906,2,2,-19017,-1170
907,14,3,16404,-5905
908,8,2,437,-7463
909,16,2,-55927,-10169
910,4,3,41444,5937
911,12,4,10271,6213
912,8,2,3704,-25643
913,2,2,-2256,2671
914,12,3,14157,137
915,15,2,15602,12566
916,16,2,-30842,-9499
917,0,3,-734,-1871
918,11,2,9489,3687
919,8,3,6319,5416
920,8,3,-36406,-7383
921,1,3,-22595,-704
922,17,2,-11768,-600
923,13,2,-10554,-3859
924,4,2,-15440,-6369
925,10,3,18281,1818
926,2,3,6432,852
927,2,2,26863,2459
928,20,3,-61914,-9877
929,15,2,-20158,-5768
930,6,2,5468,1701
931,6,3,19566,-3537
932,12,2,-3268,-448
933,12,3,-9680,-8018
934,9,2,1370,1729
935,14,2,-9577,-7572
936,2,2,6064,2246
937,12,2,21711,340
938,12,2,25229,2859
939,12,3,9841,-14555
940,14,3,-23499,-5696
941,1,2,-17901,-12881
942,10,3,7361,5616
943,12,2,1482,4142
944,1,3,-22595,-704
945,6,2,-6006,1806
946,16,3,-14263,-3889
947,1,3,2936,-4292
948,17,2,6830,-4307
949,4,3,9700,7530
950,1,4,1612,1422
951,11,2,-4927,-9093
952,7,2,10751,605
953,2,2,-19538,-7503
954,12,2,8311,1495
955,17,2,-8208,-7832
956,2,3,21351,11560
957,11,2,23876,4828
958,5,4,4768,3180
959,4,2,1273,3086
960,3,2,37580,8208
961,3,2,-8929,-1623
962,6,3,-33033,-7581
963,14,3,24661,12945
964,2,2,11213,-3625
965,21,2,20839,10173
966,13,2,-24363,-1206
967,3,2,-21481,-1471
968,12,3,-1893,4522
969,15,2,-25134,-4534
970,20,3,-10677,-4067
971,2,2,-5027,-9
972,4,2,-34731,-7685
973,11,3,-27650,-12288
974,19,2,-2530,1202
975,0,3,-12618,982
976,5,3,-7625,2032
977,16,2,-9595,1571
978,13,2,-5549,-1235
979,24,2,-34542,-150
980,9,2,29389,8003
981,20,4,833,2697
982,12,2,21246,6162
983,14,2,-16393,-7621
984,16,2,-34639,-7563
985,17,2,28752,273
986,4,2,-23912,9341
987,12,2,-25139,-2125
988,13,2,1085,1387
989,14,2,18071,10077
990,12,2,-18075,-20572
991,9,2,14550,2206
992,14,2,-23884,3603
993,3,2,3527,5748
994,12,2,-10848,1108
995,18,3,14796,3284
996,18,3,9670,3313
997,12,3,1171,2023
998,14,3,-13465,-5562
999,2,2,-7719,-7704
1000,15,3,-19402,-11024
1001,20,2,-19539,-1048
1002,19,2,25878,13575
1003,6,2,-11520,-913
1004,0,3,-18026,-6680
1005,12,3,-10235,511
1006,5,2,-8106,-4574
1007,2,3,24867,2959
1008,10,2,-14872,-10875
1009,5,2,26032,12987
1010,18,3,19574,12482
1011,12,3,3065,-2805
1012,9,2,-37065,-8183
1013,12,2,-2499,-1534
1014,13,3,-14625,-4761
1015,16,2,-11014,293
1016,12,2,-5929,2062
1017,10,4,-17376,-2114
1018,20,2,12309,5989
1019,9,3,-15975,5725
1020,20,3,-8928,-10782
1021,8,2,-15428,-3517
1022,8,2,24862,-831
1023,11,4,2483,-6354
1024,1,3,-9295,-1994
1025,21,2,-29409,-7001
1026,17,2,-47160,-17050
1027,16,2,12252,8561
1028,15,2,6786,1316
1029,19,3,-41231,-7471
1030,12,2,-8789,-2763
1031,2,2,15645,8867
1032,11,2,21806,15622
1033,10,3,-14792,-3373
1034,12,2,-17442,-17007
1035,15,2,9572,5660
1036,11,2,28008,9611
1037,11,2,-29229,-5380
1038,0,3,21068,11586
1039,18,2,4179,-3654
1040,2,2,-6258,-7033
1041,6,3,4667,-2792
1042,13,2,11153,-7125
1043,4,2,-29127,-7907
1044,0,4,12545,4170
1045,14,2,3375,45
1046,1,4,8273,1197
1047,12,4,-40634,-5337
1048,0,2,21068,11586
1049,10,2,10206,-2419
1050,11,3,-47654,-10550
1051,10,4,21482,-6645
1052,13,2,37677,5618
1053,1,3,-22595,-704
1054,18,2,13952,-18851
1055,4,2,6404,853
1056,16,2,-14709,-13846
1057,0,2,9707,7542
1058,8,2,-32057,-3954
1059,17,2,6830,-4307
1060,14,2,21250,6163
1061,3,4,-26447,-6325
1062,10,2,-33556,-1568
1063,18,3,7751,1089
1064,12,2,-28188,21458
1065,18,3,-8844,-10794
1066,12,3,15819,-3548
1067,4,3,-17746,-8704
1068,17,2,1715,1930
1069,14,3,2595,2178
1070,17,2,4596,86
1071,11,2,35129,2659
1072,4,3,-1226,-5917
1073,12,3,5859,4165
1074,14,2,19488,5089
1075,11,3,15576,12554
1076,12,4,18514,16890
1077,14,2,3077,1929
1078,19,2,-4668,739
1079,4,4,25098,3000
1080,11,3,-6483,-4891
1081,1,2,17377,11257
1082,9,2,-5691,3078
1083,5,3,23973,-19423
1084,16,4,-21145,4227
1085,2,2,-4146,-9399
1086,7,2,7713,1175
1087,14,2,9568,1423
1088,9,2,3741,-20
1089,12,3,-194,300
1090,9,3,-10959,-7565
1091,18,2,-24656,10344
1092,10,3,-5288,1959
1093,6,4,3495,2322
1094,2,3,-15097,517
1095,14,2,-14522,-3813
1096,7,2,-10010,-2146
1097,13,2,24326,12080
1098,5,2,-10298,-1694
1099,2,2,-61483,-9159
1100,4,3,6954,3263
1101,3,2,-19452,-7553
1102,11,2,-32868,-4985
1103,14,3,-13692,-11327
1104,10,4,-35506,-5583
1105,17,2,12377,3161
1106,4,2,-10133,807
1107,6,2,14863,7236
1108,13,3,-23646,-1230
1109,3,2,4603,-5899
1110,3,3,5596,842
1111,13,3,21223,11820
1112,0,2,-18628,-17818
1113,6,3,-29680,-3930
1114,2,2,12296,-16252
1115,14,2,6284,125
1116,0,4,-36516,-10894
1117,10,3,-16103,-13059
1118,0,2,6437,853
1119,9,3,-14851,-3813
1120,6,2,27310,13085
1121,8,3,-7349,1981
1122,12,2,8623,6565
1123,0,3,-16598,-7853
1124,2,3,35629,-5682
1125,2,4,12478,-15802
1126,11,3,7615,-11718
1127,1,3,-537,-7093
1128,10,2,13229,7675
1129,5,2,195,-7163
1130,19,2,44802,-6686
1131,16,3,-8759,-9580
1132,15,2,-11705,312
1133,2,2,-8206,-11452
1134,3,2,7947,1432
1135,2,3,-12535,-1624
1136,13,2,-5704,3079
1137,15,3,-15408,-2497
1138,2,2,-573,11554
1139,12,2,38338,-5971
1140,20,3,-5312,-9131
1141,8,2,11392,-14130
1142,14,3,40671,6320
1143,22,3,9287,-13846
1144,13,3,16817,-5357
1145,12,3,12517,7033
1146,2,4,1205,-963
1147,14,4,9863,2712
1148,16,2,9915,2976
1149,12,3,11305,9130
1150,9,2,11807,6479
1151,20,2,5547,1631
1152,2,3,-21060,452
1153,12,2,7791,2360
1154,4,2,12408,-2711
1155,12,2,9937,-2905
1156,5,2,-12468,-9555
1157,20,3,10783,-3747
1158,8,2,-28508,-6215
1159,17,3,5119,450
1160,9,4,-32999,-8049
1161,13,3,-61337,-9033
1162,10,3,-61455,-9027
1163,13,3,-51,-693
1164,18,2,3835,3584
1165,4,2,8524,2325
1166,11,2,28999,515
1167,13,2,-25620,-5369
1168,16,4,12566,2773
1169,18,3,21394,11631
1170,17,2,17624,10846
1171,14,3,-2403,3139
1172,8,2,-3636,4466
1173,14,2,-39885,-2887
1174,2,2,6948,924
1175,8,2,-28115,-7101
1176,18,3,10339,128
1177,7,3,9016,6065
1178,6,2,29009,7607
1179,12,2,-20291,-5257
1180,17,2,-10773,-895
1181,7,2,-16173,-8491
1182,12,3,-34931,-7679
1183,2,2,-10070,1068
1184,17,2,-11784,-703
1185,2,3,-6089,-340
1186,9,2,-8972,3747
1187,2,2,-47175,-10604
1188,12,3,-29970,-6527
1189,6,2,-28909,-6509
1190,10,2,11711,5600
1191,5,2,-24474,-2790
1192,2,2,3428,37
1193,11,2,7599,471
1194,7,3,10983,1544
1195,14,2,-23333,-770
1196,5,2,18960,3443
1197,2,2,-2112,-6014
1198,15,3,24712,12867
1199,14,2,-37137,-2603
1200,4,3,2289,-837
1201,6,2,-23060,4577
1202,14,2,9588,11041
1203,15,2,5823,2695
1204,3,3,10766,151
1205,12,2,-1179,-5432
1206,1,3,-17967,11736
1207,10,2,-7,591
1208,13,2,9662,1603
1209,8,2,-2433,-10522
1210,12,2,41051,-1860
1211,5,3,-14927,-1590
1212,7,2,-15319,-4728
1213,7,2,-8039,32
1214,2,2,-10626,-630
1215,4,2,-4662,3098
1216,13,3,10250,-3510
1217,25,2,-16885,2402
1218,10,2,40933,5824
1219,13,3,-3881,-5541
1220,16,2,4069,3064
1221,16,2,-26191,-5395
1222,14,2,1838,414
1223,7,2,-2387,113
1224,2,2,-16714,-1996
1225,13,2,9667,-2795
1226,13,3,-47122,-10251
1227,2,3,4673,1882
1228,5,3,19064,13960
1229,2,3,-18434,-7721
1230,16,2,-23873,-1927
1231,0,2,-40949,-5597
1232,14,2,-21389,-5397
1233,0,4,-9082,1694
1234,1,3,11074,6313
1235,0,2,-3510,-7210
1236,4,3,39567,7956
1237,5,3,-11952,646
1238,16,2,-8020,154
1239,16,2,-15416,-17828
1240,12,3,10703,-842
1241,2,3,-7647,-2117
1242,2,2,-29602,-9944
1243,14,3,-11384,-11740
1244,12,2,10184,-21294
1245,18,2,24182,12936
1246,4,2,-10233,-12872
1247,10,2,-1151,4727
1248,22,3,-34648,-7564
1249,17,2,8803,6738
1250,6,2,-30370,-9084
1251,4,4,-15877,-8757
1252,0,2,9528,10863
1253,14,2,-22418,-2311
1254,0,3,3395,-5790
1255,12,2,9726,1755
1256,2,3,9624,680
1257,0,3,-21768,10457
1258,4,2,-2472,2819
1259,18,2,-10426,-1849
1260,10,2,-1804,2559
1261,13,2,-21060,452
1262,4,2,-33107,-5118
1263,9,2,7879,1168
1264,14,3,17730,-3267
1265,10,3,-5375,-1069
1266,4,2,-10305,-11546
1267,10,2,-36508,-8944
1268,9,3,-17733,-8893
1269,14,2,-67985,-10689
1270,4,2,7004,1468
1271,10,2,7877,4214
1272,13,2,5284,2530
1273,2,3,-47335,-10579
1274,14,3,6508,1767
1275,18,2,-104,-800
1276,10,2,21250,6163
1277,12,2,10044,8679
1278,6,2,-10436,4066
1279,10,2,10567,-3323
1280,18,2,5859,4165
1281,14,3,22943,1035
1282,6,2,694,5029
1283,1,2,-6094,-7415
1284,14,2,-33835,-6472
1285,17,2,-15955,530
1286,5,2,-12795,-3675
1287,8,3,8301,-1213
1288,19,2,13661,2012
1289,9,2,-9829,-2085
1290,14,2,-35236,-7058
1291,4,3,-12601,858
1292,12,3,-23512,-11457
1293,20,2,-18459,11661
1294,5,2,-9303,-10947
1295,7,2,-37105,-9324
1296,4,2,-16150,-7609
1297,2,2,-4408,1000
1298,2,2,4865,2282
1299,12,3,-8660,915
1300,4,2,-26264,-6167
1301,3,2,-20172,-10555
1302,10,2,6648,4610
1303,22,2,21246,6162
1304,10,3,11859,6630
1305,13,2,15329,8542
1306,15,2,-34206,-6001
1307,14,2,13830,12841
1308,12,2,11791,3108
1309,14,4,-963,8750
1310,11,2,-26403,-2185
1311,12,4,6437,853
1312,4,3,-22418,-2311
1313,2,4,-19322,11965
1314,17,2,9799,-3296
1315,4,3,-8928,-10782
1316,14,3,10042,-6526
1317,2,3,39850,6711
1318,12,2,24726,-5505
1319,1,3,-22595,-704
1320,4,2,15376,10662
1321,4,2,-21668,-2097
1322,8,2,-30743,-5732
1323,2,4,9507,7453
1324,16,2,14866,-4002
1325,2,3,4657,1821
1326,6,2,-3631,4470
1327,2,3,-7724,-2470
1328,14,2,3914,-3884
1329,16,2,-22688,-5285
1330,20,3,-10981,679
1331,26,2,16315,-13127
1332,4,2,-35206,-10506
1333,16,3,38172,5427
1334,13,4,-19047,-12614
1335,16,3,20600,-6570
1336,12,2,6802,3843
1337,12,2,8311,1496
1338,2,3,-13438,3134
1339,18,4,14288,12864
1340,10,4,-18243,3703
1341,9,2,2879,-8556
1342,10,3,-38791,-4659
1343,1,2,15633,8864
1344,12,3,-14673,-7773
1345,16,3,21806,15622
1346,2,2,-4146,-9399
1347,9,3,-19920,-14187
1348,14,3,-13891,-1535
1349,0,2,11287,7427
1350,1,3,-27373,-6016
1351,0,3,3885,3141
1352,13,2,-8914,-4679
1353,10,2,-18075,-20572
1354,3,3,-864,-9070
1355,0,3,25229,2859
1356,11,3,-6580,-10164
1357,2,3,-17617,5568
1358,12,2,-16634,682
1359,17,2,14095,-11974
1360,0,2,9989,2338
1361,12,3,-6742,-365
1362,13,2,54,5016
1363,14,3,-4668,3090
1364,2,3,20525,13463
1365,4,2,-14320,-6951
1366,19,3,-11230,1773
1367,12,3,-15815,-8288
1368,16,2,3271,-1221
1369,16,2,-10655,-904
1370,13,2,26863,2459
1371,12,3,-24553,9198
1372,12,2,-2125,-4996
1373,13,2,-4635,-8863
1374,8,2,-13622,2949
1375,12,2,-3833,2106
1376,17,3,85,-5481
1377,14,3,12692,1726
1378,9,2,-26575,4305
1379,6,2,-32833,-6085
1380,15,3,20150,12735
1381,18,3,-26991,-1830
1382,0,2,5921,3585
1383,11,3,-11226,-878
1384,16,2,-17855,-4312
1385,1,2,-37956,-7952
1386,7,2,18087,-12813
1387,14,4,23185,868
1388,10,2,-8923,-10603
1389,16,3,-36146,-5554
1390,25,2,-12053,7199
1391,5,2,21350,-5962
1392,9,2,-15526,-16100
1393,15,2,-28097,-1282
1394,11,4,11178,-309
1395,4,2,1987,-5011
1396,10,3,29389,8003
1397,20,3,29909,8152
1398,14,3,-23282,4392
1399,4,2,3648,-935
1400,14,2,33806,2618
1401,13,2,5759,-6750
1402,3,4,-8679,1639
1403,10,2,-49262,-7399
1404,10,2,6545,221
1405,13,2,-3918,4316
1406,12,2,-14836,764
1407,7,2,3468,5589
1408,14,3,-61950,-9893
1409,12,3,-6232,-268
1410,17,2,1599,328
1411,13,3,-9061,-6242
1412,4,4,14046,12228
1413,12,2,-31967,-5013
1414,2,3,-26387,4736
1415,18,2,-18136,-4331
1416,1,2,-8968,-11501
1417,6,3,5156,1474
1418,11,2,24849,3231
1419,9,2,29078,7860
1420,15,3,-16659,-2551
1421,21,3,-23615,-1162
1422,8,2,-5096,836
1423,6,2,-381,-9317
1424,14,2,25626,6800
1425,11,2,-11410,1718
1426,20,2,14702,274
1427,4,2,18936,12572
1428,4,3,4427,1655
1429,19,2,5010,1728
1430,18,2,2113,632
1431,10,2,18076,-13422
1432,12,3,-21732,-5755
1433,18,2,-25835,-5153
1434,1,4,6437,853
1435,2,4,-12510,-10679
1436,10,3,-24583,-2385
1437,15,3,-21060,452
1438,1,3,-22595,-704
1439,2,3,-27571,-8480
1440,11,3,-5623,135
1441,10,2,3556,1763
1442,0,3,-22711,-5298
1443,0,4,-624,1355
1444,1,3,-2398,-7524
1445,2,2,-12455,1375
1446,11,2,12576,8625
1447,19,3,7843,5903
1448,10,2,-66650,-13328
1449,1,3,4194,-4237
1450,12,2,-7640,3395
1451,16,3,-4272,1033
1452,8,2,-13092,1266
1453,15,2,-16715,729
1454,2,2,-13638,-7092
1455,3,3,6260,2818
1456,2,3,-20316,-17317
1457,17,2,-13359,-9018
1458,13,2,-640,-5928
1459,10,4,-27813,-8510
1460,9,3,-8500,-5207
1461,13,3,-5332,1901
1462,16,2,28974,7494
1463,16,3,14868,-4004
1464,18,2,-5957,-13540
1465,10,3,-805,-5467
1466,9,2,9581,3228
1467,1,2,-19534,11196
1468,17,2,-13023,-5108
1469,12,2,-14656,-2167
1470,5,4,19092,10428
1471,12,3,-37869,-2685
1472,6,3,4704,53
1473,19,3,-37307,-6722
1474,4,4,-28650,-8366
1475,9,3,11246,-3544
1476,16,2,-35434,-7941
1477,12,2,447,4868
1478,10,3,-25134,-4534
1479,1,3,-14672,-3911
1480,8,2,28951,3834
1481,11,2,16779,5163
1482,2,4,7435,-11720
1483,5,4,24798,4562
1484,12,3,-34137,-5082
1485,24,3,-11652,1116
1486,6,4,29717,833
1487,16,2,2448,-3400
1488,10,3,26437,12854
1489,7,2,-2796,2415
1490,15,3,25229,2859
1491,10,4,-18243,3703
1492,2,2,-690,938
1493,9,3,-7061,-3132
1494,13,3,30276,-5892
1495,9,2,1782,-1272
1496,10,3,13546,42
1497,10,4,10667,14514
1498,19,2,8377,1682
1499,5,3,7767,4094
1500,10,2,-35347,-10073
1501,10,4,-20426,-2103
1502,15,2,41312,6453
1503,3,2,4052,2440
1504,2,4,-11086,-1808
1505,16,2,-21943,9321
1506,13,2,11791,3108
1507,16,2,5805,-275
1508,11,2,2994,1994
1509,17,2,8996,3017
1510,4,4,8817,6457
1511,11,2,1065,1425
1512,12,2,-17946,12068
1513,12,2,17419,-16387
1514,17,2,-21060,452
1515,1,2,1165,1690
1516,12,2,-34617,-9803
1517,12,2,-10310,-3711
1518,0,2,-1022,4758
1519,21,2,6687,3230
1520,18,2,1357,3549
1521,5,3,2842,3073
1522,1,2,-35276,-7646
1523,13,2,-3431,-4573
1524,13,3,38235,5407
1525,10,3,-11099,-720
1526,18,3,-38791,-4659
1527,8,2,2647,-7331
1528,18,2,-11014,293
1529,12,2,-13698,-1572
1530,2,2,-516,-5633
1531,14,2,-12360,-1896
1532,14,3,21771,-5449
1533,6,3,-1700,-6025
1534,17,2,-2874,-215
1535,12,2,7064,4236
1536,12,2,-22397,5208
1537,19,2,-28084,-3691
1538,11,3,-1210,4539
1539,18,3,1517,3067
1540,0,3,-25407,-12893
1541,1,3,23698,-864
1542,6,2,1333,853
1543,5,2,-9099,-3086
1544,17,2,34580,15576
1545,11,2,-20700,10428
1546,5,2,-22591,-2115
1547,14,2,748,-3339
1548,6,2,29158,7969
1549,2,3,-28620,-5264
1550,8,4,27503,2182
1551,2,2,9437,-2353
1552,16,3,11899,-2633
1553,11,2,-49744,-11362
1554,9,2,11713,6477
1555,6,2,-7861,-4638
1556,14,2,-10770,-2115
1557,2,3,6432,852
1558,11,2,-5639,-405
1559,5,2,-6175,-38
1560,2,4,20016,7278
1561,1,3,-9295,-1994
1562,2,2,-11898,-3506
1563,15,3,-16714,-1996
1564,11,3,7976,2172
1565,15,2,5347,3797
1566,12,2,2533,-4779
1567,10,3,1122,-4313
1568,12,4,-13151,-11248
1569,13,2,-17570,-3390
1570,12,2,-5329,-5037
1571,16,2,5131,3224
1572,16,3,20003,10469
1573,17,2,9799,-3296
1574,2,3,-11179,-3195
1575,4,2,41320,6462
1576,11,2,-27599,-2365
1577,3,3,7306,2199
1578,17,2,-15030,-1190
1579,9,2,-14747,773
1580,11,2,-8664,-313
1581,9,3,19630,-5718
1582,10,3,-23711,4318
1583,16,2,-9984,-12886
1584,4,2,9029,3545
1585,8,2,-4933,-1073
1586,8,2,6780,4879
1587,15,3,-12460,-4736
1588,2,3,-35141,-10408
1589,0,2,18689,809
1590,10,2,25007,6148
1591,4,2,-2108,1123
1592,2,3,-3428,-5900
1593,11,3,1271,6443
1594,4,2,-28659,-5600
1595,6,3,25122,12056
1596,15,3,-17269,11682
1597,1,3,-9524,-1974
1598,8,4,-26374,-1566
1599,0,2,-31708,-4849
1600,15,2,11411,-13154
1601,0,4,-35649,-6030
1602,12,4,12547,1641
1603,12,3,-8660,915
1604,13,2,1294,-554
1605,20,2,4312,3723
1606,6,2,-24614,9144
1607,14,2,-32628,-5800
1608,16,2,34683,15520
1609,16,2,-14557,-3894
1610,12,3,-529,1462
1611,2,3,27519,3112
1612,11,2,21300,10555
1613,12,3,-5364,-5057
1614,16,2,28558,2717
1615,6,2,9630,-272
1616,13,3,-17418,-6059
1617,10,4,8472,-2483
1618,0,3,-15576,-5525
1619,20,2,-14979,-6552
1620,17,2,22316,12533
1621,5,3,3194,-1156
1622,6,2,-18465,-20588
1623,3,3,-11236,-578
1624,12,2,-25531,-5585
1625,25,2,22252,11029
1626,10,3,10095,3075
1627,11,3,-15252,-1309
1628,12,3,21435,10018
1629,15,2,-13727,749
1630,11,3,-32598,-5641
1631,7,2,23861,-1046
1632,7,3,2170,1908
1633,19,2,6432,4571
1634,1,3,6989,-864
1635,9,2,17731,-13096
1636,12,2,10059,1753
1637,18,3,32288,2654
1638,4,2,14094,1924
1639,5,2,12379,12401
1640,4,2,19122,11766
1641,14,2,21027,14028
1642,12,2,-35562,-10293
1643,10,2,7294,1414
1644,1,3,-31950,-5466
1645,10,3,-535,-7318
1646,16,2,-34177,-7350
1647,3,4,-36516,-10894
1648,7,2,-24575,-4186
1649,9,2,4725,1731
1650,19,2,11709,3115
1651,26,2,5805,307
1652,6,2,14682,-6563
1653,14,2,2884,3523
1654,0,2,20554,-6357
1655,11,3,5483,2585
1656,16,2,-27101,-2073
1657,10,2,-2536,4323
1658,14,3,-5135,-4835
1659,3,3,-20794,-1499
1660,0,3,-58756,18372
1661,4,2,10615,-1471
1662,10,2,-10045,-4155
1663,5,2,-41330,-7790
1664,0,2,20059,-5900
1665,13,2,19838,12290
1666,3,2,5328,-61
1667,14,2,2424,-8209
1668,8,2,-25174,-2115
1669,15,2,3007,1680
1670,2,2,-17010,-4336
1671,1,3,6530,4489
1672,14,2,2937,-372
1673,16,3,6843,3154
1674,6,2,-24735,-1607
1675,8,2,7778,2345
1676,14,2,25944,3020
1677,11,2,9844,7639
1678,10,2,33,-1064
1679,4,2,10328,2915
1680,16,2,-22676,5131
1681,12,3,-10306,-5124
1682,2,3,9732,-4068
1683,14,4,12171,1379
1684,12,2,9859,-3935
1685,5,2,11258,-1138
1686,22,2,21276,756
1687,14,2,16148,11351
1688,14,2,-7342,-7347
1689,26,2,-15727,-6420
1690,17,2,-2546,4342
1691,8,2,-12070,-9627
1692,8,2,-8968,-11501
1693,10,2,21130,-6434
1694,8,3,-21814,-693
1695,12,3,13860,9098
1696,1,3,-24474,10771
1697,1,3,-1405,-5843
1698,2,2,-4932,708
1699,1,3,-18149,19162
1700,6,2,-11965,-2535
1701,8,4,-38791,-4659
1702,0,4,-7342,-683
1703,8,2,-3112,-6203
1704,4,2,-1328,-1322
1705,16,2,-7657,-1029
1706,12,2,4791,245
1707,15,3,-3824,2081
1708,1,3,-21024,-617
1709,15,2,-10119,-2700
1710,16,3,-48076,-17429
1711,1,4,2708,-5471
1712,2,3,28756,7786
1713,6,3,-7909,-5653
1714,11,3,13986,13526
1715,18,3,5156,1474
1716,4,3,9790,-7459
1717,12,3,6084,2750
1718,17,3,-2219,4641
1719,12,3,-10306,-11883
1720,0,2,262,-5496
1721,12,3,6598,1241
1722,14,2,7273,1343
1723,4,3,-14267,-1244
1724,6,3,-36973,10245
1725,12,3,-5739,1560
1726,12,3,8960,6855
1727,8,2,-31620,-5506
1728,4,2,-26033,-896
1729,4,2,-30061,-7089
1730,12,2,1165,1690
1731,16,2,-30903,-4421
1732,15,3,-28058,-2271
1733,13,4,-35591,-1394
1734,9,3,8484,1744
1735,4,2,7463,2347
1736,14,2,-32041,-4984
1737,13,2,-24145,-1789
1738,1,3,10465,8113
1739,1,2,6605,-3315
1740,21,2,-1769,-34
1741,0,3,-11696,-1457
1742,10,3,12324,-15812
1743,15,3,9732,-4068
1744,16,3,13661,2012
1745,4,2,-10978,676
1746,10,2,-9246,1335
1747,10,3,-25817,-5654
1748,10,2,-5942,-420
1749,3,2,336,-6355
1750,11,3,22421,-6334
1751,12,2,-17855,-4312
1752,4,3,39567,7956
1753,4,2,-1491,180
1754,9,4,30511,66
1755,4,2,11729,-3736
1756,12,2,2785,6942
1757,5,2,-11784,-703
1758,17,2,-10019,1986
1759,9,2,-15092,-13901
1760,24,3,8321,3034
1761,2,3,-20137,-7770
1762,14,2,29275,7931
1763,10,2,-49097,-10691
1764,21,2,-25859,-2240
1765,12,3,-14872,-10875
1766,18,3,-15365,-10233
1767,6,2,9874,1143
1768,12,2,386,-1176
1769,2,4,9131,-142
1770,12,2,-23494,-5695
1771,12,2,-14890,-11473
1772,14,2,8919,2897
1773,16,2,1140,-544
1774,12,2,27312,13242
1775,6,3,9596,-3536
1776,10,2,10258,11001
1777,18,2,39908,6568
1778,12,2,17037,10928
1779,20,2,835,839
1780,15,2,-18446,-7690
1781,15,2,6508,1767
1782,10,3,-17102,-12702
1783,15,3,-23899,9580
1784,14,2,-8886,1554
1785,4,2,31853,6863
1786,11,3,7992,-4164
1787,12,3,-22373,5206
1788,18,2,24685,-883
1789,14,3,-34143,-7337
1790,12,2,6588,3031
1791,5,2,-4099,-5363
1792,5,2,10468,965
1793,8,3,28158,3233
1794,2,3,5156,1474
1795,12,2,-17896,-8948
1796,1,3,8948,1712
1797,7,3,16467,10667
1798,12,2,54405,14266
1799,20,3,6530,3380
1800,12,3,-3400,-9168
1801,9,2,-16392,-2316
1802,10,3,-28128,-1640
1803,7,2,21107,-6667
1804,17,3,19674,-5715
1805,10,2,-12176,-2748
1806,16,2,-9418,-6634
1807,14,2,-20881,-4253
1808,7,2,-31490,-4843
1809,16,4,23949,-5527
1810,1,2,224,778
1811,6,3,-47469,-17105
1812,10,3,19393,6796
1813,14,2,-17840,6106
1814,2,3,-43729,-7595
1815,8,2,4712,1646
1816,11,2,830,-4752
1817,10,2,-10596,-4043
1818,11,2,-35742,-6381
1819,7,2,-33554,-8240
1820,14,3,-5539,-7225
1821,7,2,-16173,-8491
1822,2,3,28158,3233
1823,6,3,4570,3545
1824,6,2,1413,-4392
1825,3,2,-3089,-233
1826,12,3,-28593,-8544
1827,4,2,2496,1558
1828,16,4,11711,-13240
1829,17,2,-11012,-4548
1830,14,3,-31843,-5459
1831,14,3,22516,-4163
1832,21,2,901,6199
1833,12,2,-4661,3098
1834,1,3,18110,4754
1835,18,2,-18075,-20572
1836,0,3,-4404,39
1837,2,2,-7769,-7748
1838,8,2,-34401,-4322
1839,10,2,-30178,-2405
1840,18,2,-13686,-3498
1841,2,2,12102,8945
1842,12,3,15650,8867
1843,16,3,4711,3636
1844,4,2,12499,2990
1845,15,2,-19658,-7733
1846,4,2,-19608,-7600
1847,1,4,-17534,-8594
1848,10,4,-27498,-8464
1849,13,3,25258,4928
1850,9,2,1370,1729
1851,10,3,19393,6796
1852,12,3,9897,4704
1853,12,4,11071,-13405
1854,8,3,19916,10762
1855,4,3,-14850,-1136
1856,17,4,22320,6680
1857,11,3,37933,7595
1858,0,2,-6293,-8672
1859,9,3,6687,3230
1860,20,3,9128,4187
1861,2,3,29277,7823
1862,13,3,8206,2901
1863,5,2,-4303,-1008
1864,0,2,3450,1877
1865,12,3,-34943,-2028
1866,14,3,-8195,-678
1867,12,2,5059,-6647
1868,9,3,8859,-4679
1869,13,2,6718,1167
1870,22,2,-26432,-2289
1871,17,2,-5688,3091
1872,3,4,11476,159
1873,2,2,-22092,10091
1874,17,2,-35626,-7775
1875,1,3,866,-7429
1876,23,2,-35434,-7941
1877,4,2,-10482,4056
1878,3,2,-23197,9220
1879,6,2,9489,3687
1880,10,4,29580,8007
1881,21,2,-23425,4835
1882,18,2,39908,6568
1883,9,2,12230,3128
1884,7,3,423,1207
1885,6,2,-27417,-6046
1886,6,2,8846,-1775
1887,0,2,21787,12285
1888,18,2,5795,777
1889,0,3,-1626,1369
1890,4,2,28008,3432
1891,13,2,41671,6032
1892,4,3,2959,5752
1893,17,2,-32094,-5394
1894,10,4,-29361,-9497
1895,6,2,19764,9313
1896,12,3,-6736,-9241
1897,2,3,9057,-2563
1898,18,2,17570,-2371
1899,23,2,-21831,-1235
1900,16,2,-12146,-7600
1901,7,3,-18535,-450
1902,17,2,-28229,5345
1903,11,3,21106,-6667
1904,20,4,833,2697
1905,17,2,22516,-4163
1906,24,3,25867,11257
1907,2,2,-18190,-12984
1908,16,3,-37284,-8058
1909,20,2,10605,-6810
1910,3,2,5285,-7979
1911,6,3,-38875,-13829
1912,5,3,-23615,-1162
1913,6,2,-15559,-1532
1914,6,4,18229,800
1915,22,2,-18271,-7902
1916,12,4,-4664,-452
1917,6,2,6968,-3812
1918,10,2,8434,3117
1919,20,2,25627,15914
1920,15,2,-43072,-8624
1921,15,2,-13286,-11188
1922,11,2,7189,3611
1923,2,4,14046,12228
1924,25,2,-12027,-4966
1925,2,3,-15586,-2378
1926,2,4,18167,-504
1927,16,2,174,-7059
1928,11,2,28336,-5150
1929,17,2,-10954,-3955
1930,11,2,-20439,9257
1931,14,3,-438,438
1932,16,3,-4252,-858
1933,1,2,-5615,2008
1934,13,2,-3002,-3601
1935,8,2,-23009,-10743
1936,11,2,-27961,-3633
1937,8,3,-25184,-2801
1938,0,2,-49922,-11924
1939,15,3,-27054,4845
1940,0,2,-14835,-11472
1941,0,2,11555,-3878
1942,15,2,1800,6577
1943,19,2,-33842,-6450
1944,12,3,-8390,-641
1945,5,3,-65705,-11832
1946,8,2,2708,-5471
1947,17,2,-19757,-12845
1948,10,3,-40587,-10559
1949,12,3,9721,8516
1950,4,2,-9685,1545
1951,4,3,-13596,-7786
1952,4,2,17072,3772
1953,12,2,-19184,-5960
1954,17,2,22029,-5434
1955,7,2,-32598,-5641
1956,11,2,14967,-5531
1957,0,3,-22711,-5298
1958,13,2,1554,2000
1959,2,2,-16760,-8047
1960,2,3,6582,-42
1961,12,2,28066,3469
1962,4,4,-11451,-535
1963,11,2,-38368,-11011
1964,16,2,13449,-315
1965,6,3,3831,3721
1966,10,2,-13853,-13342
1967,14,2,-39515,-4790
1968,12,3,-8660,915
1969,1,2,7694,1188
1970,10,2,2060,668
1971,12,4,-3795,-4143
1972,10,2,5492,3691
1973,11,2,20059,-5900
1974,17,2,-14130,-1927
1975,4,2,6979,1122
1976,8,3,-1743,45
1977,14,3,-17196,-13645
1978,20,4,-79800,-12945
